silhouette_score,n_clusters,inertia
0.3645263842447388,4,734.5495801921285
